Workbook

Sheet LIVESTOCK.csv
A1: Column 1 | B1: Livestock Production Heads Per Year | C1: Annual_Rainfall_Millimeter | D1: Fertilizer_Use_kg_per_ha | E1: Crop_Price_USD_per_ton
A2: 1 | B2: 45 | C2: 620 | D2: 90 | E2: 180
A3: 2 | B3: 50 | C3: 640 | D3: 95 | E3: 185
A4: 3 | B4: 52 | C4: 660 | D4: 100 | E4: 190
A5: 4 | B5: 55 | C5: 680 | D5: 105 | E5: 195
A6: 5 | B6: 58 | C6: 700 | D6: 110 | E6: 200
A7: 6 | B7: 60 | C7: 720 | D7: 115 | E7: 205
A8: 7 | B8: 62 | C8: 740 | D8: 120 | E8: 210
A9: 8 | B9: 65 | C9: 760 | D9: 125 | E9: 215
A10: 9 | B10: 68 | C10: 780 | D10: 130 | E10: 220
A11: 10 | B11: 70 | C11: 800 | D11: 135 | E11: 225
A12: 11 | B12: 72 | C12: 820 | D12: 140 | E12: 230
A13: 12 | B13: 75 | C13: 840 | D13: 145 | E13: 235
... A51: 50 | B51: 250 | C51: 1600 | D51: 335 | E51: 430

Sheet Descriptive Analysis
E3: AGRICULTURE DATA ANALYSIS
E4: Prelim Activity 02: January 26, 2026
E6: Prepared by: Anthony Llena | I6: Course: 9345 CS 322 Data Science
E7: Partner: Rabelais Mar Bernabe | I7: Instructor: Dr. Beverly Estephanny Ferrer
A12: Measure of Position/Location
A13: Measure of Central Location | D13: Livestock Production Heads Per Year | F13: Annual Rainfall per Millimeter | H13: Fertilizer Use KG per Hectare | J13: Crop Price USD per Ton | L13: Description
A14: Mean | D14: =SUM(LIVESTOCK.csv!B2:B51)/COUNT(LIVESTOCK.csv!B2:B51) -> 131.7 | F14: =SUM(LIVESTOCK.csv!C2:C51)/COUNT(LIVESTOCK.csv!C2:C51) -> 1110 | H14: =SUM(LIVESTOCK.csv!D2:D51)/COUNT(LIVESTOCK.csv!D2:D51) -> 212.5 | J14: =SUM(LIVESTOCK.csv!E2:E51)/COUNT(LIVESTOCK.csv!E2:E51) -> 302.6 | L14: On average, farms produce about 131.7 heads of livestock per year, recieve 1110 mm of rainfall, use 215.5 kg of fertilizer per hectare, and have an average crop price of 302.6 USD per ton, indicating moderate production, rainfall, input use, and market value.
A15: Median | D15: =MEDIAN(LIVESTOCK.csv!B2:B51) -> 122.5 | F15: =MEDIAN(LIVESTOCK.csv!C2:C51) -> 1110 | H15: =MEDIAN(LIVESTOCK.csv!D2:D51) -> 212.5 | J15: =MEDIAN(LIVESTOCK.csv!E2:E51) -> 302.5 | L15: The median values shows that half of the farms produce below 122.5 heads, recieve less than 1110 mm of rainfall, use less than 212.5 kg of fertilizer per hectare, and have a crop prices below 302.5 USD per ton, while the other half exceed these values.
A16: Mode | D16: =MODE(LIVESTOCK.csv!B2:B51) -> #N/A | F16: =MODE(LIVESTOCK.csv!D2:D51) -> #N/A | H16: =MODE(LIVESTOCK.csv!F2:F51) -> #N/A | J16: =MODE(LIVESTOCK.csv!H2:H51) -> #N/A | L16: No mode is observed for all variables, indicating that no value occurs more frequently than others, which suggests that the data are evenly and gradually distributed.
A19: Measure of Position/Location
A20: Measure of Position | D20: Livestock Production Heads Per Year | F20: Annual Rainfall per Millimeter | H20: Fertilizer Use KG per Hectare | J20: Crop Price USD per Ton | L20: Description
A21: Quartile 1 | D21: =QUARTILE(LIVESTOCK.csv!B2:B51,1) -> 78.5 | F21: =QUARTILE(LIVESTOCK.csv!C2:C51,1) -> 865 | H21: =QUARTILE(LIVESTOCK.csv!D2:D51,1) -> 151.25 | J21: =QUARTILE(LIVESTOCK.csv!E2:E51,1) -> 241.25 | L21: The first quartile indicates that 25% of farms produce below 78.5 heads, recieve less than 865 mm of rainfall, use less than 151.25 kg of fertilizer per hectare, and have crop prices below 241.25 USD per ton.
A22: Quartile 3 | D22: =QUARTILE(LIVESTOCK.csv!E2:E51,3) -> 363.75 | F22: =QUARTILE(LIVESTOCK.csv!C3:C52,3) -> 1360 | H22: =QUARTILE(LIVESTOCK.csv!D3:D52,3) -> 275 | J22: =QUARTILE(LIVESTOCK.csv!E3:E52,3) -> 365 | L22: The third quartile shows that 75% of the farm produce below 363.75 heads, recieve less than 1360 mm of rainfall, use less than 275 kg of fertilizer per hectare, and have crop prices below 365 USD per ton.
A23: 5th Percentile | D23: =PERCENTILE(LIVESTOCK.csv!B2:B51, 0.05) -> 53.35 | F23: =PERCENTILE(LIVESTOCK.csv!C2:C51, 0.05) -> 669 | H23: =PERCENTILE(LIVESTOCK.csv!D2:D51, 0.05) -> 102.25 | J23: =PERCENTILE(LIVESTOCK.csv!E2:E51, 0.05) -> 192.25 | L23: The 5th percentile indicates that only 5% of farms produce below 53.35 heads, recieve less than 669 mm of rainfall, use less than 102.25 per hectare, and have crop prices below 192.25 USD per ton.
A24: 95th Percentile | D24: =PERCENTILE(LIVESTOCK.csv!B2:B51, 0.95) -> 232.75 | F24: =PERCENTILE(LIVESTOCK.csv!C2:C51, 0.95) -> 1551 | H24: =PERCENTILE(LIVESTOCK.csv!D2:D51, 0.95) -> 322.75 | J24: =PERCENTILE(LIVESTOCK.csv!E2:E51, 0.95) -> 412.75 | L24: The 95th Percentile shows that 95% of farms produce below 232.75 heads, recieve less than 1551 mm of rainfall, use less than 322.75 kg of fertilizer per hectare, and have crop prices below 412,75 USD per ton, with only a few farms exceeding these values.
A27: Measure of Relative Location
A28: Measure of Relative Location | D28: Livestock Production Heads Per Year | F28: Annual Rainfall per Millimeter | H28: Fertilizer Use KG per Hectare | J28: Crop Price USD per Ton | L28: Description
A29: Variance | D29: =VAR(LIVESTOCK.csv!B2:B51) -> 3793.2755 | F29: =VAR(LIVESTOCK.csv!C2:C51) -> 85000 | H29: =VAR(LIVESTOCK.csv!D2:D51) -> 5312.5 | J29: =VAR(LIVESTOCK.csv!E2:E51) -> 5338 | L29: The variance values ndicate the degree of spread in the data. Rainfall shows the highest variability (85,000), while livestock production, fertilzier use, and crop price show moderate variability, indicating differences among farms.
A30: Standard Deviation | D30: =STDEV(LIVESTOCK.csv!B2:B51) -> 61.589573 | F30: =STDEV(LIVESTOCK.csv!C2:C51) -> 291.54759 | H30: =STDEV(LIVESTOCK.csv!D2:D51) -> 72.886899 | J30: =STDEV(LIVESTOCK.csv!E2:E51) -> 73.061618 | L30: The standard deviation values shows that livestock production varies by about 61.59 heads, rainfall by 291.55 mm, fertilizer use by 72.89 kg per hectare, and the crop price by 73.06 USD per ton, indicating moderate variation of the average.
A35: DATA VISUALIZATION
A56: Interpretation | I56: Interpretation
A57: The histogram shows that most farms produce between 50 and 200 heads of livestock per year, indicating moderate production levels. Only a few farms produce above 200 heads, suggesting that very high production is less common. | I57: The histogram indicates that most farms recieve between 800 mm and 1400 mm of rainfall annually. This suggests that generally moderate and consistent rainfall conditions, with very low and very high rainfall values occuring less frequently.
A80: Interpretation | I80: Interpretation
A81: The histogram shows that most farms recieve between 150 kg and 300 kg of fertilizer per hectare. This indicates moderate fertilizer use, whil extremely low and high application rates are less common. | I81: The histogram shows that crop prices are mostly concentrated between 250 USD and 350 USD per ton. This suggests relatively stable market prices, with fewer occurances of very low or very high prices.
A104: Interpretation | I104: Interpretation
A105: The scatter plot shows a strong relationship between annual rainfall and livestock production. Farms with higher rainfall tend to have higher livestock output, indicating that adequate rainfall supports farm productivity. | I105: The scatter plot indicates a positive relationship between fertilizer use and livestock production. Incrased fertilizer application with higher livestock output, suggesting improved feed and crop availability.
A128: Interpretation | I128: Interpretation
A129: The scatter plot shows a strong positive relationship between fertilizer use and crop price. Higher fertilizer use is association wtih higher crop prices, which may reflect improved crop quality and yield. | I129: The scatter plot indicates a positive relationship between livestock production and crop price. Farms with higher production levels tend to obtain higher market prices, suggesting better economic returns.
J135: Final Note
J136: Overall, the visualization show consistent positive relationships among agricultural variables, highlighting the importance of rainfall and fertilizer use in improving production and market value.
A152: Interpretation
A153: The scatterplot shows a positive relationship between annual rainfall and crop price. Higher rainfall levels are associated with increased crop prices, indicating climate conditions may improve crop value.
